{"cameraMode":{"drawMode":0,"name":"Shaded","section":"Shading Mode"},"sceneLighting":true,"audioPlay":false,"sceneViewState":{"showFog":true,"showMaterialUpdate":false,"showSkybox":true,"showFlares":true,"showImageEffects":true,"showParticleSystems":true},"in2DMode":false,"pivot":{"x":-5.094747543334961,"y":43.72088623046875,"z":7.606231689453125},"rotation":{"x":0.0647287517786026,"y":-0.03411150723695755,"z":0.0021889524068683388,"w":0.9973353147506714},"size":435.8982849121094,"orthographic":false}